"Mazda 3 1.6 MT, 2008, 225 000 км",https://www.avito.ru/rybinsk/avtomobili/mazda_3_1.6_mt_2008_225_000_km_3359650192,595000 руб.,"225 000 км, 1.6 MT (105 л.с.), хетчбэк, передний, бензин",17 часов назад
"Mazda 3 2.0 AT, 2014, 132 000 км",https://www.avito.ru/moskva/avtomobili/mazda_3_2.0_at_2014_132_000_km_3492864357,1279000 руб.,"132 000 км, 2.0 AT (150 л.с.), седан, передний, бензин",13 минут назад
"Mazda 3 1.6 AT, 2006, 187 234 км",https://www.avito.ru/moskva/avtomobili/mazda_3_1.6_at_2006_187_234_km_3335926810,699000 руб.,"187 234 км, 1.6 AT (105 л.с.), седан, передний, бензин",1 час назад
"Mazda 3 1.6 AT, 2011, 162 804 км",https://www.avito.ru/moskva/avtomobili/mazda_3_1.6_at_2011_162_804_km_3578347051,1019000 руб.,"162 804 км, 1.6 AT (105 л.с.), седан, передний, бензин",3 часа назад
"Mazda 3 2.0 MT, 2007, 187 244 км",https://www.avito.ru/moskva/avtomobili/mazda_3_2.0_mt_2007_187_244_km_3451676208,609000 руб.,"187 244 км, 2 MT (150 л.с.), хетчбэк, передний, бензин",2 часа назад
"Mazda 3 1.5 AT, 2014, 121 377 км",https://www.avito.ru/sankt-peterburg/avtomobili/mazda_3_1.5_at_2014_121_377_km_3326818528,1425000 руб.,"121 377 км, 1.5 AT (120 л.с.), седан, передний, бензин",5 часов назад
"Mazda 3 1.6 AT, 2012, 199 600 км",https://www.avito.ru/vorovskogo/avtomobili/mazda_3_1.6_at_2012_199_600_km_3610105511,1150000 руб.,"199 600 км, 1.6 AT (105 л.с.), седан, передний, бензин",7 часов назад
"Mazda 3 1.6 AT, 2008, 189 000 км",https://www.avito.ru/moskva/avtomobili/mazda_3_1.6_at_2008_189_000_km_3349190727,680000 руб.,"189 000 км, 1.6 AT (105 л.с.), хетчбэк, передний, бензин",19 часов назад
"Mazda 3 1.6 AT, 2013, 34 000 км",https://www.avito.ru/moskva/avtomobili/mazda_3_1.6_at_2013_34_000_km_3327049960,1574000 руб.,"34 000 км, 1.6 AT (105 л.с.), седан, передний, бензин",57 минут назад
"Mazda 3 1.6 AT, 2007, 139 500 км",https://www.avito.ru/moskovskaya_oblast_krasnogorsk/avtomobili/mazda_3_1.6_at_2007_139_500_km_3492135187,780000 руб.,"139 500 км, 1.6 AT (105 л.с.), седан, передний, бензин",20 часов назад
"Mazda 3 1.6 MT, 2007, 266 000 км",https://www.avito.ru/kazan/avtomobili/mazda_3_1.6_mt_2007_266_000_km_3403394011,550000 руб.,"266 000 км, 1.6 MT (105 л.с.), седан, передний, бензин",18 часов назад
"Mazda 3 1.6 AT, 2010, 207 169 км",https://www.avito.ru/moskva/avtomobili/mazda_3_1.6_at_2010_207_169_km_3603644940,1095000 руб.,"207 169 км, 1.6 AT (105 л.с.), седан, передний, бензин",6 часов назад
"Mazda 3 1.6 AT, 2011, 223 000 км",https://www.avito.ru/novoivanovskoe/avtomobili/mazda_3_1.6_at_2011_223_000_km_3433540364,900000 руб.,"223 000 км, 1.6 AT (105 л.с.), седан, передний, бензин",1 час назад
"Mazda 3 1.6 AT, 2012, 155 000 км",https://www.avito.ru/moskva/avtomobili/mazda_3_1.6_at_2012_155_000_km_3488864566,1200000 руб.,"155 000 км, 1.6 AT (105 л.с.), хетчбэк, передний, бензин",3 часа назад
"Mazda 3 1.6 AT, 2017, 116 000 км",https://www.avito.ru/vatutinki/avtomobili/mazda_3_1.6_at_2017_116_000_km_3423943017,1760000 руб.,"116 000 км, 1.6 AT (104 л.с.), седан, передний, бензин",5 часов назад
"Mazda 3 1.5 AT, 2018, 84 653 км",https://www.avito.ru/moskva/avtomobili/mazda_3_1.5_at_2018_84_653_km_3476369306,1839000 руб.,"84 653 км, 1.5 AT (120 л.с.), хетчбэк, передний, бензин",3 часа назад
"Mazda 3 1.6 AT, 2012, 185 000 км",https://www.avito.ru/moskva/avtomobili/mazda_3_1.6_at_2012_185_000_km_3508635060,1069000 руб.,"185 000 км, 1.6 AT (105 л.с.), седан, передний, бензин",9 часов назад
"Mazda 3 1.6 AT, 2006, 187 234 км",https://www.avito.ru/moskva/avtomobili/mazda_3_1.6_at_2006_187_234_km_3335926810,699000 руб.,"187 234 км, 1.6 AT (105 л.с.), седан, передний, бензин",8 часов назад
"Mazda 3 1.6 AT, 2012, 281 902 км",https://www.avito.ru/sankt-peterburg/avtomobili/mazda_3_1.6_at_2012_281_902_km_3335720119,869789 руб.,"281 902 км, 1.6 AT (105 л.с.), хетчбэк, передний, бензин",6 часов назад
"Mazda 3 1.6 AT, 2013, 133 626 км",https://www.avito.ru/sankt-peterburg/avtomobili/mazda_3_1.6_at_2013_133_626_km_3336391190,1198789 руб.,"133 626 км, 1.6 AT (105 л.с.), седан, передний, бензин",8 часов назад
"Mazda 3 1.6 AT, 2013, 128 652 км",https://www.avito.ru/moskva/avtomobili/mazda_3_1.6_at_2013_128_652_km_3539679545,1090000 руб.,"128 652 км, 1.6 AT (105 л.с.), хетчбэк, передний, бензин",3 часа назад
"Mazda 3 1.6 AT, 2011, 98 536 км",https://www.avito.ru/ekaterinburg/avtomobili/mazda_3_1.6_at_2011_98_536_km_3230757636,1380000 руб.,"98 536 км, 1.6 AT (105 л.с.), хетчбэк, передний, бензин",4 часа назад
"Mazda 3 1.6 MT, 2014, 112 000 км",https://www.avito.ru/sankt-peterburg/avtomobili/mazda_3_1.6_mt_2014_112_000_km_3463399044,1396277 руб.,"112 000 км, 1.6 MT (104 л.с.), седан, передний, бензин",11 часов назад
"Mazda 3 1.5 AT, 2015, 144 710 км",https://www.avito.ru/sankt-peterburg/avtomobili/mazda_3_1.5_at_2015_144_710_km_3501860588,1100000 руб.,"144 710 км, 1.5 AT (120 л.с.), седан, передний, бензин",8 часов назад
"Mazda 3 1.6 MT, 2006, 338 000 км",https://www.avito.ru/naberezhnye_chelny/avtomobili/mazda_3_1.6_mt_2006_338_000_km_3348872294,575000 руб.,"338 000 км, 1.6 MT (105 л.с.), седан, передний, бензин",58 минут назад
"Mazda 3 2.0 AT, 2018, 65 000 км",https://www.avito.ru/sankt-peterburg/avtomobili/mazda_3_2.0_at_2018_65_000_km_3408765672,1881600 руб.,"65 000 км, 2.0 AT (120 л.с.), седан, передний, бензин",9 часов назад
"Mazda 3 1.6 AT, 2010, 207 169 км",https://www.avito.ru/moskva/avtomobili/mazda_3_1.6_at_2010_207_169_km_3603644940,1095000 руб.,"207 169 км, 1.6 AT (105 л.с.), седан, передний, бензин",13 часов назад
"Mazda 3 2.0 MT, 2007, 187 244 км",https://www.avito.ru/moskva/avtomobili/mazda_3_2.0_mt_2007_187_244_km_3451676208,609000 руб.,"187 244 км, 2.0 MT (150 л.с.), хетчбэк, передний, бензин",9 часов назад
"Mazda 3 1.6 AT, 2007, 155 000 км",https://www.avito.ru/murmansk/avtomobili/mazda_3_1.6_at_2007_155_000_km_3762320441,695000 руб.,"155 000 км, 1.6 AT (105 л.с.), седан, передний, бензин",1 час назад
"Mazda 3 1.5 AT, 2014, 117 000 км",https://www.avito.ru/naberezhnye_chelny/avtomobili/mazda_3_1.5_at_2014_117_000_km_3609672053,1498999 руб.,"117 000 км, 1.5 AT (120 л.с.), седан, передний, бензин",1 час назад
"Mazda 3 1.6 MT, 2008, 105 000 км",https://www.avito.ru/tyumen/avtomobili/mazda_3_1.6_mt_2008_105_000_km_3383593881,770000 руб.,"105 000 км, 1.6 MT (105 л.с.), седан, передний, бензин",12 часов назад
"Mazda 3 1.6 AT, 2007, 260 746 км",https://www.avito.ru/izhevsk/avtomobili/mazda_3_1.6_at_2007_260_746_km_3810604820,750000 руб.,"260 746 км, 1.6 AT (105 л.с.), седан, передний, бензин",11 часов назад
"Mazda 3 1.6 MT, 2007, 230 000 км",https://www.avito.ru/sankt-peterburg/avtomobili/mazda_3_1.6_mt_2007_230_000_km_3558581475,589000 руб.,"230 000 км, 1.6 MT (105 л.с.), седан, передний, бензин",6 часов назад
"Mazda 3 2.5 AT, 2019, 69 285 км",https://www.avito.ru/sankt-peterburg/avtomobili/mazda_3_2.5_at_2019_69_285_km_3239963662,1995789 руб.,"69 285 км, 2.5 AT (186 л.с.), седан, полный, бензин",6 часов назад
"Mazda 3 1.6 AT, 2007, 139 500 км",https://www.avito.ru/moskovskaya_oblast_krasnogorsk/avtomobili/mazda_3_1.6_at_2007_139_500_km_3492135187,780000 руб.,"139 500 км, 1.6 AT (105 л.с.), седан, передний, бензин",3 часа назад
"Mazda 3 1.6 AT, 2013, 121 445 км",https://www.avito.ru/penza/avtomobili/mazda_3_1.6_at_2013_121_445_km_3485663263,1357000 руб.,"121 445 км, 1.6 AT (105 л.с.), седан, передний, бензин",8 часов назад
"Mazda 3 2.0 MT, 2008, 167 315 км",https://www.avito.ru/moskva/avtomobili/mazda_3_2.0_mt_2008_167_315_km_3730209944,775000 руб.,"167 315 км, 2 MT (150 л.с.), хетчбэк, передний, бензин",4 часа назад
"Mazda 3 2.5 AT, 2019, 118 000 км",https://www.avito.ru/vladikavkaz/avtomobili/mazda_3_2.5_at_2019_118_000_km_3578033470,1699990 руб.,"118 000 км, 2.5 AT (184 л.с.), хетчбэк, передний, бензин",7 часов назад
"Mazda 3 1.5 AT, 2014, 115 000 км",https://www.avito.ru/ekaterinburg/avtomobili/mazda_3_1.5_at_2014_115_000_km_3422138694,1450000 руб.,"115 000 км, 1.5 AT (120 л.с.), хетчбэк, передний, бензин",5 часов назад
"Mazda 3 1.6 AT, 2006, 234 000 км",https://www.avito.ru/himki/avtomobili/mazda_3_1.6_at_2006_234_000_km_3809739805,597000 руб.,"234 000 км, 1.6 AT (105 л.с.), седан, передний, бензин",4 часа назад
"Mazda 3 1.6 AT, 2012, 143 800 км",https://www.avito.ru/cherepovets/avtomobili/mazda_3_1.6_at_2012_143_800_km_3562231723,999000 руб.,"143 800 км, 1.6 AT (105 л.с.), седан, передний, бензин",3 часа назад
"Mazda 3 1.6 AT, 2007, 63 800 км",https://www.avito.ru/balashiha/avtomobili/mazda_3_1.6_at_2007_63_800_km_3299231954,1075000 руб.,"63 800 км, 1.6 AT (105 л.с.), седан, передний, бензин",10 часов назад
"Mazda 3 1.6 AT, 2014, 145 928 км",https://www.avito.ru/orenburg/avtomobili/mazda_3_1.6_at_2014_145_928_km_3420451883,848000 руб.,"145 928 км, 1.6 AT (104 л.с.), седан, передний, бензин",9 часов назад
"Mazda 3 1.6 AT, 2007, 149 000 км",https://www.avito.ru/saransk/avtomobili/mazda_3_1.6_at_2007_149_000_km_3642001792,638000 руб.,"149 000 км, 1.6 AT (105 л.с.), седан, передний, бензин",27 минут назад
"Mazda 3 1.6 MT, 2011, 210 000 км",https://www.avito.ru/pushkino/avtomobili/mazda_3_1.6_mt_2011_210_000_km_3558233806,820000 руб.,"210 000 км, 1.6 MT (105 л.с.), хетчбэк, передний, бензин",3 часа назад
"Mazda 3 1.6 AT, 2007, 100 000 км",https://www.avito.ru/astrahan/avtomobili/mazda_3_1.6_at_2007_100_000_km_3438056036,675000 руб.,"100 000 км, 1.6 AT (105 л.с.), седан, передний, бензин",3 часа назад
"Mazda 3 1.6 AT, 2014, 102 000 км",https://www.avito.ru/krasnodar/avtomobili/mazda_3_1.6_at_2014_102_000_km_3400806905,1490000 руб.,"102 000 км, 1.6 AT (104 л.с.), хетчбэк, передний, бензин",3 часа назад
"Mazda 3 1.6 AT, 2012, 235 000 км",https://www.avito.ru/odintsovo/avtomobili/mazda_3_1.6_at_2012_235_000_km_3382100089,1180000 руб.,"235 000 км, 1.6 AT (105 л.с.), седан, передний, бензин",2 часа назад
"Mazda 3 1.6 MT, 2006, 153 000 км",https://www.avito.ru/tihoretsk/avtomobili/mazda_3_1.6_mt_2006_153_000_km_3358757821,880000 руб.,"153 000 км, 1.6 MT (105 л.с.), хетчбэк, передний, бензин",2 часа назад
"Mazda 3 2.0 AT, 2014, 132 000 км",https://www.avito.ru/moskva/avtomobili/mazda_3_2.0_at_2014_132_000_km_3492864357,1279000 руб.,"132 000 км, 2 AT (150 л.с.), седан, передний, бензин",6 часов назад
"Mazda 3 1.6 AT, 2014, 190 000 км",https://www.avito.ru/nizhniy_novgorod/avtomobili/mazda_3_1.6_at_2014_190_000_km_3658575668,1420000 руб.,"190 000 км, 1.6 AT (104 л.с.), седан, передний, бензин",3 часа назад
"Mazda 3 1.6 MT, 2007, 175 080 км",https://www.avito.ru/drezna/avtomobili/mazda_3_1.6_mt_2007_175_080_km_3452343348,650000 руб.,"175 080 км, 1.6 MT (105 л.с.), седан, передний, бензин",3 часа назад
"Mazda 3 1.6 MT, 2008, 225 000 км",https://www.avito.ru/rybinsk/avtomobili/mazda_3_1.6_mt_2008_225_000_km_3359650192,595000 руб.,"225 000 км, 1.6 MT (105 л.с.), хетчбэк, передний, бензин",42 минуты назад
"Mazda 3 1.6 MT, 2006, 179 000 км",https://www.avito.ru/bryansk/avtomobili/mazda_3_1.6_mt_2006_179_000_km_3336186928,547000 руб.,"179 000 км, 1.6 MT (105 л.с.), седан, передний, бензин",8 часов назад
